{
    "version": "2.0.0",
    "tasks": [
        {
            "label": "g++ build",
            "type": "shell",
            "command": "g++",
            "args": [
                "-g", 
                "${file}",
                "-o",
                "${fileDirname}/${fileBasenameNoExtension}"
            ],
            "group": {
                "kind": "build",
                "isDefault": true
            },
            "problemMatcher": [
                "$gcc"
            ],
            "detail": "Generated task for g++."
        }
    ]
}
